DOI,Field_ID
10.3390/en17040925,1
10.3390/en17040925,2
10.3390/en17040925,3
10.2196/41566,4
10.2196/41566,2
10.2196/41566,5
10.1109/ICCNS58795.2023.10193141,1
10.1109/ICCNS58795.2023.10193141,2
10.1021/acs.jpca.4c08170,4
10.1021/acs.jpca.4c08170,6
10.1021/acs.jpca.4c08170,7
10.1155/2022/9248853,2
10.1109/TSMC.1986.289318,1
10.1109/TSMC.1986.289318,2
10.1109/ICIET57285.2023.10220929,2
10.1109/ICIET57285.2023.10220929,8
10.48550/arXiv.2308.11721,2
10.2139/ssrn.3935555,1
10.2139/ssrn.3935555,6
10.2139/ssrn.3935555,3
10.1007/s10994-015-5496-x,2
10.1109/BIBM52615.2021.9669784,4
10.1109/BIBM52615.2021.9669784,2
10.1002/anbr.202300085,4
10.1002/anbr.202300085,6
10.3991/ijet.v16i16.23405,2
10.3991/ijet.v16i16.23405,8
10.3389/fonc.2025.1531465,4
10.3389/fonc.2025.1531465,9
10.1093/ecco-jcc/jjab232.654,4
10.4103/jmss.jmss_47_23,4
10.4103/jmss.jmss_47_23,1
10.3389/fpubh.2024.1329704,4
10.3389/fpubh.2024.1329704,2
10.3389/fpubh.2024.1329704,10
10.1109/JIOT.2021.3063855,1
10.1109/JIOT.2021.3063855,2
10.1109/ICCE53296.2022.9730555,1
10.1109/ICCE53296.2022.9730555,2
10.3390/ijerph21050521,4
10.3390/ijerph21050521,2
10.3390/ijerph21050521,10
10.2174/2210676612666220408095913,5
10.2174/2210676612666220408095913,2
10.2174/2210676612666220408095913,4
10.1101/2024.09.19.613896,4
10.1101/2024.09.19.613896,2
10.1101/2024.09.19.613896,9
10.1016/j.bdr.2017.07.002,2
10.1016/j.bdr.2017.07.002,11
10.1109/ISNCC.2019.8909134,1
10.1109/ISNCC.2019.8909134,2
10.30574/ijsra.2023.10.1.0720,2
10.30574/ijsra.2023.10.1.0720,12
10.1016/j.anucene.2024.110952,1
10.1016/j.anucene.2024.110952,13
10.1016/j.anucene.2024.110952,2
10.3390/w14081300,2
10.3390/w14081300,3
10.3390/s21175948,3
10.3390/s21175948,1
10.3390/s21175948,2
10.3390/s21175948,9
10.3390/s21175948,4
10.1016/j.aiig.2022.10.003,14
10.1016/j.aiig.2022.10.003,2
10.3390/s23031639,4
10.3390/s23031639,2
10.3390/s23031639,3
10.3390/s23031639,1
10.1016/j.annonc.2024.10.576,4
10.1016/j.annonc.2024.10.576,2
10.1016/j.annonc.2024.10.576,5
10.1155/2023/9853636,4
10.1155/2023/9853636,2
10.1186/s12904-022-01113-0,4
10.1186/s12904-022-01113-0,2
10.1007/s11416-023-00469-y,2
10.1109/CISIS.2011.22,2
10.1109/CISIS.2011.22,9
10.1016/j.heliyon.2024.e30251,4
10.1016/j.heliyon.2024.e30251,2
10.1016/j.heliyon.2024.e30251,1
10.3389/fcell.2022.937761,4
10.3389/fcell.2022.937761,9
10.1109/tnse.2020.2968206,1
10.1109/tnse.2020.2968206,2
10.48175/ijarsct-14367,1
10.48175/ijarsct-14367,2
10.1115/1.4067600,1
10.1115/1.4067600,2
10.3390/agriculture14111900,1
10.3390/agriculture14111900,3
10.3390/agriculture14111900,15
10.1016/j.ejogrb.2022.12.008,4
10.1016/j.ejogrb.2022.12.008,2
10.1109/TBDATA.2019.2940237,2
10.1109/TBDATA.2019.2940237,3
10.1109/TBDATA.2019.2940237,15
10.1108/lhtn-08-2024-0132,2
10.1108/lhtn-08-2024-0132,8
10.1109/SP.2019.00073,2
10.1016/j.dt.2024.06.004,1
10.1016/j.dt.2024.06.004,13
10.1016/j.dt.2024.06.004,2
10.1109/CCWC57344.2023.10099366,2
10.1002/tox.24230,4
10.1002/tox.24230,9
10.1007/s13218-011-0164-1,4
10.1007/s13218-011-0164-1,2
10.32523/2616-7263-2024-149-4-256-268,1
10.32523/2616-7263-2024-149-4-256-268,2
10.1021/acs.jcim.9b00313,4
10.1021/acs.jcim.9b00313,2
10.1021/acs.jcim.9b00313,7
10.37028/LINGCURE.V5NS1.1348,1
10.37028/LINGCURE.V5NS1.1348,2
10.37028/LINGCURE.V5NS1.1348,8
10.1016/j.euroneuro.2020.03.016,4
10.1016/j.euroneuro.2020.03.016,2
10.48550/arXiv.2405.15709,2
10.48550/arXiv.2405.15709,11
10.1055/a-1885-1697,4
10.7717/peerj.1425,4
10.7717/peerj.1425,9
10.4018/ijsda.2013100103,4
10.4018/ijsda.2013100103,2
10.4018/ijsda.2013100103,11
10.1049/rpg2.12985,1
10.1049/rpg2.12985,2
10.1049/rpg2.12985,3
10.1109/BigData62323.2024.10825786,2
10.1109/ACCESS.2022.3167058,1
10.1109/ACCESS.2022.3167058,2
10.1109/ACCESS.2022.3167058,3
10.3389/fimmu.2024.1461424,4
10.3389/fimmu.2024.1461424,9
10.1038/s41598-018-34671-6,4
10.1038/s41598-018-34671-6,2
10.1038/s41598-018-34671-6,1
10.3390/ijerph16142598,4
10.3390/ijerph16142598,1
10.1016/j.cor.2022.105897,1
10.1016/j.cor.2022.105897,2
10.3390/electronics12122715,2
10.29207/joseit.v2i2.5460,4
10.29207/joseit.v2i2.5460,2
10.1007/978-3-030-03146-6_44,2
10.1109/ISCIT63075.2024.10793695,2
10.1109/ISCIT63075.2024.10793695,8
10.1088/1674-1056/ad4328,13
10.1088/1674-1056/ad4328,2
10.1002/aisy.202300402,1
10.1002/aisy.202300402,6
10.1002/aisy.202300402,2
10.1109/RoEduNet51892.2020.9324855,1
10.1109/RoEduNet51892.2020.9324855,2
10.1126/science.add8258,4
10.1126/science.add8258,2
10.1007/s10909-020-02545-9,13
10.1007/s10909-020-02545-9,6
10.1109/TENCON.2005.300837,2
10.1109/INDIN51773.2022.9976072,1
10.1109/INDIN51773.2022.9976072,2
10.1109/SNAMS.2018.8554834,2
10.1109/SNAMS.2018.8554834,11
10.1021/acs.jpca.1c09984,4
10.1021/acs.jpca.1c09984,7
10.3390/ijfs11030094,2
10.3390/ijfs11030094,16
10.3390/ijfs11030094,12
10.1109/M2VIP58386.2023.10413402,1
10.1109/M2VIP58386.2023.10413402,2
10.1109/M2VIP58386.2023.10413402,4
10.3390/sym13030486,2
10.22247/ijcna/2025/02,1
10.22247/ijcna/2025/02,2
10.1177/21925682231162817,4
10.1177/21925682231162817,2
10.1097/00000539-199906000-00001,4
10.1371/journal.pone.0312395,10
10.1371/journal.pone.0312395,17
10.1371/journal.pone.0312395,2
10.1371/journal.pone.0312395,4
10.1371/journal.pone.0312395,16
10.1109/CEIT.2015.7232991,1
10.1109/CEIT.2015.7232991,2
10.1109/ISADS56919.2023.10092137,4
10.1109/ISADS56919.2023.10092137,2
10.1109/CICN56167.2022.10008343,1
10.1109/CICN56167.2022.10008343,2
10.1109/JBHI.2024.3372649,4
10.1109/JBHI.2024.3372649,2
10.1109/ICNC59896.2024.10556143,1
10.1109/ICNC59896.2024.10556143,2
10.1186/s12890-024-03160-0,4
10.1186/s12890-024-03160-0,2
10.1155/ASP.2005.3128,4
10.1155/ASP.2005.3128,2
10.1155/ASP.2005.3128,1
10.1109/SMART52563.2021.9676299,2
10.1109/SMART52563.2021.9676299,3
10.1109/SMART52563.2021.9676299,15
10.1016/J.PSEP.2019.01.013,1
10.1016/J.PSEP.2019.01.013,2
10.1016/J.PSEP.2019.01.013,3
10.3390/nano12081269,6
10.3390/nano12081269,1
10.3390/nano12081269,2
10.3390/nano12081269,4
10.3390/nano12081269,13
10.37943/19ppfn3256,15
10.1109/ICSPCC46631.2019.8960779,1
10.1109/ICSPCC46631.2019.8960779,2
10.1109/DSIT61374.2024.10881634,2
10.1177/2053951719849444,3
10.1177/2053951719849444,2
10.1177/2053951719849444,16
10.1177/2053951719849444,15
10.48175/ijarsct-15350,4
10.48175/ijarsct-15350,2
10.1186/1471-2105-7-319,4
10.1186/1471-2105-7-319,2
10.1186/1471-2105-7-319,9
10.2514/1.i010772,1
10.2514/1.i010772,2
10.1109/TNSM.2022.3225217,2
10.1109/ICME55011.2023.00041,4
10.1109/ICME55011.2023.00041,2
10.33395/sinkron.v8i3.12721,2
10.33395/sinkron.v8i3.12721,15
10.1038/s41467-019-10827-4,4
10.1038/s41467-019-10827-4,6
10.1038/s41467-019-10827-4,2
10.1038/s41467-019-10827-4,7
10.54254/2755-2721/5/20230649,2
10.1115/1.4065165,4
10.1115/1.4065165,13
10.1115/1.4065165,2
10.1115/1.4065165,1
10.1109/ICRAIE59459.2023.10468126,2
10.1109/ICRAIE59459.2023.10468126,17
10.3390/jpm13020367,4
10.3390/jpm13020367,2
10.3390/jpm13020367,9
10.1007/s13201-022-01830-0,1
10.1007/s13201-022-01830-0,2
10.1007/s13201-022-01830-0,3
10.1016/j.conbuildmat.2022.127933,1
10.1016/j.conbuildmat.2022.127933,6
10.1016/j.conbuildmat.2022.127933,2
10.3390/buildings14030820,1
10.3390/buildings14030820,2
10.1136/ANNRHEUMDIS-2020-EULAR.4424,4
10.1136/ANNRHEUMDIS-2020-EULAR.4424,2
10.1136/ANNRHEUMDIS-2020-EULAR.4424,1
10.2139/ssrn.4236282,2
10.2139/ssrn.4236282,3
10.2139/ssrn.4236282,9
10.5121/ijwest.2021.12401,17
10.28991/cej-2020-03091495,1
10.28991/cej-2020-03091495,2
10.1007/s13042-013-0171-7,2
10.1007/s13042-013-0171-7,11
10.1109/ACCESS.2021.3075686,2
10.1109/ACCESS.2021.3075686,11
10.14455/10.14455/isec.2023.10(1).str-36,1
10.14455/10.14455/isec.2023.10(1).str-36,2
10.1002/gepi.22341,4
10.1002/gepi.22341,2
10.1002/gepi.22341,9
10.5121/ijcsit.2023.15102,4
10.5121/ijcsit.2023.15102,2
10.1097/JU.0000000000002607.02,4
10.1097/JU.0000000000002607.02,1
10.55041/ijsrem13429,2
10.55041/ijsrem13429,18
10.54554/jtec.2024.16.03.001,2
10.54554/jtec.2024.16.03.001,12
10.54554/jtec.2024.16.03.001,8
10.1109/ICCCNT56998.2023.10307984,4
10.1109/ICCCNT56998.2023.10307984,2
10.1057/s41599-021-00792-z,17
10.1057/s41599-021-00792-z,19
10.1057/s41599-021-00792-z,3
10.1057/s41599-021-00792-z,10
10.26438/IJCSE/V7I1.601605,1
10.26438/IJCSE/V7I1.601605,2
10.1109/IHMSC.2015.181,2
10.1016/j.jece.2024.111909,6
10.1016/j.jece.2024.111909,3
10.1016/j.jece.2024.111909,7
10.48550/arXiv.2408.05284,2
10.1109/ISAPE62431.2024.10840886,1
10.1109/ISAPE62431.2024.10840886,13
10.1109/ISAPE62431.2024.10840886,2
10.1109/ISAPE62431.2024.10840886,3
10.5753/jisa.2024.3805,1
10.5753/jisa.2024.3805,2
10.5753/jisa.2024.3805,3
10.1109/TIM.2010.2049228,1
10.1109/TIM.2010.2049228,2
10.1007/s11042-022-14020-6,4
10.1007/s11042-022-14020-6,2
10.1007/s10916-018-1071-x,5
10.1007/s10916-018-1071-x,2
10.1007/s10916-018-1071-x,4
10.3390/app112210795,2
10.3390/app112210795,20
10.3366/iur.2023.0588,21
10.3366/iur.2023.0588,2
10.3366/iur.2023.0588,20
10.1109/ACCESS.2024.3437738,2
10.1109/TPAMI.2017.2737423,4
10.1109/TPAMI.2017.2737423,2
10.3390/APP11114834,1
10.3390/APP11114834,2
10.1109/IGARSS39084.2020.9323718,1
10.1109/IGARSS39084.2020.9323718,2
10.1109/IGARSS39084.2020.9323718,3
10.18653/v1/D17-1156,2
10.1063/5.0066061,4
10.1063/5.0066061,6
10.1063/5.0066061,13
10.62754/joe.v4i1.6412,16
10.62754/joe.v4i1.6412,3
10.1002/mrm.29906,4
10.1002/mrm.29906,1
10.1371/journal.pone.0257857,4
10.1504/ijbm.2022.10048974,2
10.1167/iovs.12-11449,4
10.1167/iovs.12-11449,2
10.1109/mis.2025.3549484,2
10.1515/pralin-2017-0029,2
10.1515/pralin-2017-0029,20
10.1109/TELFOR59449.2023.10372693,1
10.1109/TELFOR59449.2023.10372693,2
10.1109/TELFOR59449.2023.10372693,20
10.1515/geo-2018-0036,1
10.1515/geo-2018-0036,19
10.1515/geo-2018-0036,3
10.33022/ijcs.v13i2.3847,1
10.33022/ijcs.v13i2.3847,2
10.1109/ICASSP.2008.4518024,2
10.1109/ICASSP.2008.4518024,11
10.1109/SANER50967.2021.00046,2
10.1016/j.neucom.2010.07.012,2
10.30534/ijeter/2020/138892020,2
10.47772/ijriss.2025.9010094,1
10.47772/ijriss.2025.9010094,2
10.1109/ICCUBEA58933.2023.10392135,4
10.1109/ICCUBEA58933.2023.10392135,2
10.1016/j.scitotenv.2024.174776,4
10.1016/j.scitotenv.2024.174776,2
10.1016/j.scitotenv.2024.174776,3
10.1016/j.foodchem.2022.134562,4
10.1016/j.foodchem.2022.134562,7
10.1007/s13721-015-0080-7,2
10.1007/s13721-015-0080-7,9
10.3390/EN11102575,1
10.3390/EN11102575,2
10.3390/EN11102575,3
10.1109/TBME.2021.3080259,4
10.1109/TBME.2021.3080259,2
10.1109/TBME.2021.3080259,5
10.1109/ELECO60389.2023.10415960,1
10.1109/ELECO60389.2023.10415960,2
10.15680/ijirset.2021.1011128,4
10.15680/ijirset.2021.1011128,2
10.1109/SEEDA-CECNSM63478.2024.00019,2
10.1109/SEEDA-CECNSM63478.2024.00019,15
10.1111/1468-5973.12311,2
10.1111/1468-5973.12311,3
10.1080/0284186X.2018.1468084,4
10.1080/0284186X.2018.1468084,1
10.1080/0284186X.2018.1468084,2
10.1080/0284186X.2018.1468084,11
10.1093/clinchem/hvab239,4
10.1093/clinchem/hvab239,2
10.48175/ijarsct-3258,2
10.1007/s00165-021-00543-6,1
10.1007/s00165-021-00543-6,2
10.5120/ijca2025924395,2
10.9712/KASS.2020.20.4.111,1
10.9712/KASS.2020.20.4.111,2
10.1088/1361-6560/ab9efc,4
10.1088/1361-6560/ab9efc,13
10.1088/1361-6560/ab9efc,2
10.1088/1361-6560/ab9efc,1
10.1029/2021GC009946,14
10.1029/2021GC009946,2
10.13052/jwe1540-9589.2039,2
10.1109/ACCESS.2024.3519669,1
10.1109/ACCESS.2024.3519669,6
10.1109/ACCESS.2024.3519669,2
10.18280/ts.420148,2
10.18280/ts.420148,22
10.1145/3558884.3558888,4
10.1145/3558884.3558888,2
10.1016/j.comcom.2022.07.010,1
10.1016/j.comcom.2022.07.010,2
10.1631/jzus.C1001006,2
10.1002/alz.054772,4
10.1002/alz.054772,2
10.1371/journal.pone.0142753,4
10.1371/journal.pone.0142753,2
10.1371/journal.pone.0142753,3
10.1371/journal.pone.0142753,9
10.1186/s12885-021-08704-9,4
10.1186/s12885-021-08704-9,2
10.1109/TETC.2022.3223630,1
10.1109/TETC.2022.3223630,2
10.1016/j.euroneuro.2022.07.032,4
10.1016/j.euroneuro.2022.07.032,2
10.17762/ijritcc.v11i9.8991,2
10.17762/ijritcc.v11i9.8991,3
10.3390/APP8081280,1
10.3390/APP8081280,2
10.3390/APP8081280,4
10.1007/s11704-010-0388-5,2
10.30630/joiv.6.1.859,2
10.1371/journal.pone.0272991,4
10.1371/journal.pone.0272991,2
10.1371/journal.pone.0272991,20
10.3389/fnins.2023.1143239,4
10.1088/1748-0221/19/07/p07013,1
10.1088/1748-0221/19/07/p07013,13
10.1088/1748-0221/19/07/p07013,2
10.1007/BF00116839,2
10.1007/BF00116839,11
10.1117/1.JBO.29.2.020901,1
10.1117/1.JBO.29.2.020901,2
10.1117/1.JBO.29.2.020901,4
10.1109/ICASSP39728.2021.9414785,1
10.1109/ICASSP39728.2021.9414785,2
10.3390/s23063251,4
10.3390/s23063251,2
10.3390/s23063251,1
10.1007/s00586-022-07238-3,4
10.1007/s00586-022-07238-3,1
10.1021/acs.jcim.3c00032,4
10.1021/acs.jcim.3c00032,2
10.1021/acs.jcim.3c00032,9
10.1109/ICROM.2015.7367857,2
10.1109/ICROM.2015.7367857,11
10.1109/icces54183.2022.9835777,2
10.1109/LWC.2024.3377275,1
10.1109/LWC.2024.3377275,2
10.1007/s11356-023-28466-0,4
10.1007/s11356-023-28466-0,2
10.1007/s11356-023-28466-0,3
10.1007/s11356-023-28466-0,1
10.3390/genes14091695,4
10.3390/genes14091695,15
10.22399/ijcesen.686,1
10.22399/ijcesen.686,2
10.22399/ijcesen.686,3
10.1109/ICDT61202.2024.10489086,4
10.1109/ICDT61202.2024.10489086,2
10.3390/rs14112676,14
10.3390/rs14112676,2
10.3390/rs14112676,3
10.3390/rs14112676,1
10.1109/HOST49136.2021.9702287,1
10.1109/HOST49136.2021.9702287,2
10.1038/s41598-024-61443-2,4
10.1038/s41598-024-61443-2,2
10.1038/s41598-024-61443-2,1
10.1109/ICCUBEA.2018.8697458,1
10.1109/ICCUBEA.2018.8697458,2
10.1007/s11356-024-35529-3,4
10.1007/s11356-024-35529-3,3
10.1007/s11356-024-35529-3,1
10.1109/IJCNN48605.2020.9207724,2
10.1109/ISIT50566.2022.9834691,2
10.1109/ISIT50566.2022.9834691,11
10.1145/3383972.3384020,2
10.1109/JSEN.2022.3227099,1
10.1109/JSEN.2022.3227099,2
10.2139/ssrn.4778198,2
10.3390/foods13071037,4
10.3390/foods13071037,15
10.1109/ICLO59702.2024.10624371,4
10.1109/ICLO59702.2024.10624371,1
10.1109/TNSRE.2019.2956487,4
10.1109/TNSRE.2019.2956487,2
10.1109/TNSRE.2019.2956487,1
10.1192/bjo.2024.440,4
10.1192/bjo.2024.440,2
10.14569/ijacsa.2024.0150542,2
10.5626/jcse.2010.4.2.110,2
10.1007/s13042-022-01553-3,4
10.1007/s13042-022-01553-3,2
10.1007/s13042-022-01553-3,20
10.1210/clinem/dgae579,4
10.1210/clinem/dgae579,2
10.1155/2021/7577349,2
10.1155/2021/7577349,15
10.1007/s11042-020-09639-2,2
10.5468/ogs.21234,4
10.5468/ogs.21234,2
10.35940/ijeat.a1023.1091s19,2
10.1016/S0735-1097(19)31978-3,4
10.1016/S0735-1097(19)31978-3,2
10.1039/d4cp04185b,4
10.1039/d4cp04185b,6
10.1039/d4cp04185b,2
10.1039/d4cp04185b,13
10.2139/ssrn.4289349,2
10.2139/ssrn.4289349,12
10.1016/j.compag.2025.110317,2
10.1016/j.compag.2025.110317,15
10.1080/00051144.2023.2225344,2
10.1021/acs.jctc.2c00254,4
10.1021/acs.jctc.2c00254,2
10.1021/acs.jctc.2c00254,7
10.1007/s40846-022-00758-9,4
10.1007/s40846-022-00758-9,2
10.5194/amt-15-7211-2022,1
10.5194/amt-15-7211-2022,2
10.5194/amt-15-7211-2022,3
10.3390/app13095737,2
10.3389/fpls.2023.1057733,4
10.3389/fpls.2023.1057733,2
10.3389/fpls.2023.1057733,3
10.3389/fpls.2023.1057733,15
10.30574/wjarr.2024.21.1.0121,4
10.30574/wjarr.2024.21.1.0121,17
10.30574/wjarr.2024.21.1.0121,10
10.1561/0400000042,2
10.1561/0400000042,11
10.1007/s11263-008-0127-7,2
10.1109/ACCESS.2021.3115434,4
10.1109/ACCESS.2021.3115434,2
10.1109/ACCESS.2021.3115434,1
10.3389/fonc.2023.1160383,4
10.3389/fonc.2023.1160383,2
10.1007/s12665-020-08907-6,1
10.1007/s12665-020-08907-6,14
10.1007/s12665-020-08907-6,3
10.1177/01436244241279738,1
10.1177/01436244241279738,2
10.1177/01436244241279738,3
10.1109/ICHI52183.2021.00037,4
10.1109/ICHI52183.2021.00037,2
10.3390/en16020890,1
10.3390/en16020890,2
10.3390/en16020890,3
10.1360/N972018-01068,1
10.1360/N972018-01068,6
10.1360/N972018-01068,13
10.26524/sajet.2022.12.41,4
10.26524/sajet.2022.12.41,2
10.1109/CcS49175.2020.9231447,2
10.1109/CcS49175.2020.9231447,8
10.1109/ITC44778.2020.9325269,1
10.1109/ITC44778.2020.9325269,2
10.1109/ACCESS.2023.3308446,4
10.1109/ACCESS.2023.3308446,2
10.1016/j.jeem.2020.102398,3
10.1016/j.jeem.2020.102398,12
10.1016/j.jeem.2020.102398,16
10.1186/s12911-023-02354-6,4
10.1186/s12911-023-02354-6,2
10.1089/neu.2022.0383,4
10.1530/eje-20-0656,4
10.1109/TSP.2017.2757914,2
10.1109/TSP.2017.2757914,11
10.38124/ijisrt/ijisrt24aug085,1
10.38124/ijisrt/ijisrt24aug085,2
10.1109/SMC54092.2024.10832089,1
10.1109/SMC54092.2024.10832089,2
10.29039/2308-0191-2023-11-4-38-37,1
10.29039/2308-0191-2023-11-4-38-37,2
10.29039/2308-0191-2023-11-4-38-37,12
10.1142/9781848164482_0004,1
10.1142/9781848164482_0004,2
10.1101/2023.10.02.560281,4
10.1101/2023.10.02.560281,2
10.1101/2023.10.02.560281,9
10.1155/2022/8404931,2
10.1155/2022/8404931,10
10.56726/irjmets37895,1
10.56726/irjmets37895,2
10.1186/s40644-025-00857-1,4
10.1186/s40644-025-00857-1,1
10.1007/s10586-018-2462-y,2
10.1007/s10586-018-2462-y,15
10.1101/790162,4
10.1101/790162,2
10.1101/790162,9
10.1063/5.0180712,1
10.1063/5.0180712,13
10.1021/acs.jpca.3c06265,4
10.1021/acs.jpca.3c06265,2
10.1021/acs.jpca.3c06265,7
10.1177/17585732231187124,4
10.1177/17585732231187124,1
10.11591/ijece.v13i6.pp6259-6267,2
10.7775/rac.v87.i4.15891,4
10.1200/jco.2023.41.4_suppl.243,4
10.1080/10255842.2024.2341969,4
10.1080/10255842.2024.2341969,2
10.1109/TMI.2016.2515021,4
10.1109/TMI.2016.2515021,2
10.1109/SoutheastCon52093.2024.10500081,1
10.1109/SoutheastCon52093.2024.10500081,2
10.1109/CVPR.2005.371,2
10.20965/jaciii.2022.p0722,4
10.20965/jaciii.2022.p0722,2
10.20965/jaciii.2022.p0722,1
10.3389/fgene.2022.1065297,4
10.3389/fgene.2022.1065297,9
10.23919/INDIACom61295.2024.10499119,2
10.1029/2022WR032779,1
10.1029/2022WR032779,3
10.1109/ISSC59246.2023.10162037,4
10.1109/ISSC59246.2023.10162037,2
10.1109/JTEHM.2019.2892970,4
10.1109/JTEHM.2019.2892970,2
10.3390/a15090333,2
10.1515/nanoph-2024-0100,4
10.1515/nanoph-2024-0100,13
10.1515/nanoph-2024-0100,6
10.1515/nanoph-2024-0100,1
10.1186/s13321-019-0381-4,4
10.1186/s13321-019-0381-4,6
10.1186/s13321-019-0381-4,2
10.1186/s13321-019-0381-4,7
10.1080/02699052.2022.2034945,4
10.1016/j.nucengdes.2024.113617,1
10.1016/j.nucengdes.2024.113617,13
10.1002/aisy.202400052,4
10.1002/aisy.202400052,2
10.1002/aisy.202400052,1
10.1140/epjds/s13688-016-0095-z,2
10.1140/epjds/s13688-016-0095-z,17
10.1109/ICCCNT56998.2023.10308393,2
10.1109/ICCCNT56998.2023.10308393,20
10.54565/jphcfum.1500546,4
10.54565/jphcfum.1500546,2
10.54565/jphcfum.1500546,1
10.1109/TCSS.2022.3219256,4
10.1109/TCSS.2022.3219256,2
10.3390/pharmaceutics15082112,4
10.3390/pharmaceutics15082112,2
10.1371/journal.pone.0177866,4
10.1371/journal.pone.0177866,13
10.1371/journal.pone.0177866,2
10.1371/journal.pone.0177866,9
10.2147/JIR.S386714,4
10.2147/JIR.S386714,2
10.1186/s13034-022-00554-y,4
10.1186/s13034-022-00554-y,5
10.1134/S1054661817010047,2
10.1134/S1054661817010047,11
10.1109/SmartGridComm52983.2022.9961010,1
10.1109/SmartGridComm52983.2022.9961010,2
10.1002/minf.201900028,4
10.1002/minf.201900028,2
10.1002/minf.201900028,9
10.1002/minf.201400122,4
10.1002/minf.201400122,2
10.1002/minf.201400122,7
10.1038/s41597-023-02416-4,4
10.1038/s41597-023-02416-4,13
10.1038/s41597-023-02416-4,2
10.1038/s41597-023-02416-4,1
10.1007/JHEP10(2018)093,13
10.1007/JHEP10(2018)093,2
10.1007/JHEP10(2018)093,11
10.1007/s13246-022-01206-3,4
10.1007/s13246-022-01206-3,2
10.1007/s13246-022-01206-3,1
10.3991/ijim.v16i16.31617,1
10.3991/ijim.v16i16.31617,2
10.1016/j.eswa.2020.113637,2
10.1016/j.eswa.2020.113637,11
10.1016/j.eswa.2020.113637,12
10.1016/j.jval.2023.03.037,4
10.1016/j.jval.2023.03.037,2
10.46792/fuoyejet.v6i2.609,10
10.46792/fuoyejet.v6i2.609,2
10.46792/fuoyejet.v6i2.609,17
10.1016/j.ins.2020.03.089,2
10.1038/s41584-022-00890-5,4
10.1371/journal.pone.0283933,4
10.1371/journal.pone.0283933,13
10.1371/journal.pone.0283933,2
10.1007/s00500-019-03891-x,2
10.1049/ntw2.12098,1
10.1049/ntw2.12098,2
10.1109/MCOM.003.2200186,1
10.1109/MCOM.003.2200186,2
10.32628/cseit241061188,1
10.32628/cseit241061188,2
10.32628/cseit241061188,3
10.1149/1945-7111/acfdd3,1
10.1149/1945-7111/acfdd3,6
10.3390/s22051721,4
10.3390/s22051721,2
10.3390/s22051721,1
10.1007/JHEP10(2018)101,13
10.1007/JHEP10(2018)101,2
10.1109/CARS61786.2024.10778742,2
10.1364/ao.477409,4
10.1364/ao.477409,6
10.1364/ao.477409,2
10.1080/10543406.2024.2365389,4
10.1080/10543406.2024.2365389,2
10.1080/10543406.2024.2365389,11
10.1007/s12063-023-00427-3,2
10.1007/s12063-023-00427-3,12
10.1007/s12063-023-00427-3,16
10.1109/IEMCON.2018.8614822,1
10.1109/IEMCON.2018.8614822,2
10.1109/IEMCON.2018.8614822,3
10.1109/IEMCON.2018.8614822,11
10.1080/0886022X.2024.2315298,4
10.1080/0886022X.2024.2315298,2
10.17577/IJERTV9IS030387,2
10.1007/s10951-022-00729-7,1
10.1007/s10951-022-00729-7,2
10.15864/ijiip.3106,13
10.15864/ijiip.3106,2
10.1145/3691620.3695486,2
10.1111/cts.70001,4
10.1111/cts.70001,2
10.4171/owr/2023/26,2
10.4171/owr/2023/26,11
10.1109/icds62089.2024.10756437,2
10.55041/ijsrem12728,2
10.3389/frobt.2022.1019523,4
10.3389/frobt.2022.1019523,2
10.3389/frobt.2022.1019523,1
10.62441/nano-ntp.v20i6.36,1
10.62441/nano-ntp.v20i6.36,2
10.1109/JBHI.2020.2991763,4
10.1109/JBHI.2020.2991763,2
10.1007/s10639-021-10470-x,2
10.1007/s10639-021-10470-x,12
10.1007/s10639-021-10470-x,11
10.1007/s10639-021-10470-x,8
10.3103/s0027134923070226,13
10.3103/s0027134923070226,2
10.18653/v1/K16-2013,2
10.18653/v1/K16-2013,20
10.1038/s41598-024-75218-2,4
10.1038/s41598-024-75218-2,13
10.1038/s41598-024-75218-2,1
10.1007/s12024-019-00146-x,4
10.1007/s12024-019-00146-x,6
10.1007/s12024-019-00146-x,11
10.1007/s00366-021-01329-3,1
10.1007/s00366-021-01329-3,2
10.1007/s00366-021-01329-3,3
10.1007/s00366-021-01329-3,11
10.3390/su15043265,1
10.3390/su15043265,3
10.1186/s12911-021-01537-3,4
10.1186/s12911-021-01537-3,2
10.1093/neuonc/noae144.189,4
10.1093/neuonc/noae144.189,2
10.1109/LASCAS60203.2024.10506157,2
10.1109/LASCAS60203.2024.10506157,3
10.1109/CICN49253.2020.9242642,1
10.1109/CICN49253.2020.9242642,2
10.3390/ATMOS10050252,13
10.3390/ATMOS10050252,2
10.3390/ATMOS10050252,3
10.1002/jum.16086,4
10.1002/jum.16086,2
10.1109/eScience55777.2022.00016,2
10.1007/s10822-023-00520-6,4
10.1007/s10822-023-00520-6,2
10.1007/s10822-023-00520-6,9
10.1021/acs.jpcb.0c06926,4
10.1021/acs.jpcb.0c06926,13
10.1021/acs.jpcb.0c06926,2
10.1021/acs.jpcb.0c06926,7
10.1007/s00500-021-06600-9,2
10.1007/s00500-021-06600-9,11
10.48550/arXiv.2310.11518,2
10.1109/IECON.2012.6388853,1
10.1109/IECON.2012.6388853,2
10.1093/eurheartj/ehad655.2914,4
10.1093/eurheartj/ehad655.2914,2
10.1109/ACCESS.2022.3196018,2
10.48175/ijarsct-3514,2
10.1016/j.envsoft.2023.105788,2
10.1016/j.envsoft.2023.105788,3
10.1007/JHEP09(2020)170,13
10.1111/joim.12746,4
10.1111/joim.12746,2
10.1111/joim.12746,3
10.1002/jmri.29687,4
10.1002/jmri.29687,2
10.3390/app13116639,6
10.3390/app13116639,21
10.3390/app12042160,1
10.3390/app12042160,2
10.1016/j.chemolab.2023.104808,2
10.1016/j.chemolab.2023.104808,7
10.1109/IC3I44769.2018.9007304,1
10.1109/IC3I44769.2018.9007304,2
10.1109/IC3I44769.2018.9007304,11
10.1016/j.jobe.2025.112431,1
10.1016/j.jobe.2025.112431,6
10.1016/j.jobe.2025.112431,2
10.1101/2025.03.01.639360,4
10.1101/2025.03.01.639360,9
10.1371/journal.pone.0286311,4
10.1371/journal.pone.0286311,1
10.1017/s1759078724000965,1
10.1017/s1759078724000965,2
10.1016/j.gaitpost.2023.01.015,4
10.1016/j.gaitpost.2023.01.015,2
10.1016/j.gaitpost.2023.01.015,1
10.1145/2647868.2654952,4
10.1145/2647868.2654952,2
10.1109/JBHI.2021.3094311,4
10.1109/JBHI.2021.3094311,2
10.22214/ijraset.2023.55457,2
10.22214/ijraset.2023.55457,12
10.1109/QRS-C60940.2023.00093,2
10.1109/AISC56616.2023.10085557,1
10.1109/AISC56616.2023.10085557,2
10.36871/ek.up.p.r.2023.12.14.017,1
10.36871/ek.up.p.r.2023.12.14.017,2
10.36871/ek.up.p.r.2023.12.14.017,12
10.1109/CEC.2019.8790251,2
10.1109/CEC.2019.8790251,11
10.1016/j.jdent.2025.105679,4
10.1016/j.jdent.2025.105679,2
10.1096/FASEBJ.2021.35.S1.04188,4
10.1096/FASEBJ.2021.35.S1.04188,2
10.1096/FASEBJ.2021.35.S1.04188,7
10.1145/3658664.3659661,2
10.1109/AERO58975.2024.10520995,1
10.1109/AERO58975.2024.10520995,3
10.1371/journal.pone.0255277,4
10.1371/journal.pone.0255277,5
10.3354/cr01723,1
10.3354/cr01723,2
10.3354/cr01723,3
10.1007/s13369-016-2223-2,2
10.1007/s13369-016-2223-2,11
10.1097/TP.0000000000004510,4
10.1155/vmi/5585458,4
10.1155/vmi/5585458,2
10.1155/vmi/5585458,15
10.1093/mnras/stz1480,13
10.1093/mnras/stz1480,2
10.7759/cureus.42668,4
10.1109/IJCNN.2019.8852025,2
10.1145/3624010,2
10.2139/ssrn.3681682,2
10.2139/ssrn.3681682,16
10.2139/ssrn.3681682,12
10.1200/JCO.2019.37.15_SUPPL.6558,4
10.1200/JCO.2019.37.15_SUPPL.6558,2
10.1109/ACSOS55765.2022.00025,2
10.1016/j.vrih.2023.08.002,4
10.1016/j.vrih.2023.08.002,2
10.1038/204103A0,4
10.1038/204103A0,2
10.1145/3417990.3418741,2
10.1353/obs.2021.0008,2
10.1353/obs.2021.0008,11
10.1353/obs.2021.0008,23
10.1109/TPAMI.2022.3157321,4
10.1109/TPAMI.2022.3157321,2
10.1109/TPAMI.2022.3157321,11
10.4081/gh.2025.1319,4
10.4081/gh.2025.1319,2
10.4081/gh.2025.1319,3
10.2174/0929867329666220105121754,4
10.2174/0929867329666220105121754,9
10.35940/ijeat.f9552.088619,2
10.3390/ijms22020606,4
10.3390/ijms22020606,2
10.3390/ijms22020606,9
10.1109/ICITEE59582.2023.10317641,1
10.1109/ICITEE59582.2023.10317641,2
10.1161/circ.145.suppl_1.060,4
10.3389/fgene.2022.834764,4
10.3389/fgene.2022.834764,2
10.3389/fgene.2022.834764,9
10.1038/s41431-021-00996-6,4
10.1038/s41431-021-00996-6,5
10.1109/ICIS61260.2024.10778332,2
10.1109/ICIS61260.2024.10778332,20
10.1038/s41597-023-02245-5,4
10.1038/s41597-023-02245-5,14
10.1038/s41597-023-02245-5,3
10.1049/cit2.12060,1
10.1049/cit2.12060,2
10.1049/cit2.12060,11
10.1007/s11082-023-06095-8,1
10.1007/s11082-023-06095-8,13
10.1007/s11082-023-06095-8,2
10.1182/blood-2023-188762,4
10.1182/blood-2023-188762,2
10.1007/s41060-016-0035-9,1
10.1007/s41060-016-0035-9,2
10.1111/1468-2230.12843,2
10.1111/1468-2230.12843,18
10.1111/1468-2230.12843,17
10.3390/hydrology11070097,1
10.3390/hydrology11070097,2
10.3390/hydrology11070097,3
10.26562/irjcs.2022.v0908.19,2
10.3390/s22031181,4
10.3390/s22031181,2
10.3390/s22031181,1
10.21215/kjfp.2022.12.3.173,4
10.21215/kjfp.2022.12.3.173,2
10.1101/2023.11.04.565599,4
10.1101/2023.11.04.565599,2
10.1101/2023.11.04.565599,9
10.22214/ijraset.2022.46604,1
10.22214/ijraset.2022.46604,2
10.34293/sijash.v12i1.7762,2
10.52783/jes.3861,4
10.52783/jes.3861,2
10.52783/jes.3861,1
10.52783/jes.784,1
10.52783/jes.784,2
10.52783/jes.784,3
10.1007/s40747-022-00732-7,1
10.1007/s40747-022-00732-7,2
10.2196/12116,4
10.2196/12116,2
10.1161/circ.148.suppl_1.16427,4
10.48550/arXiv.2303.14453,2
10.54060/jase.2022.11,4
10.54060/jase.2022.11,2
10.3390/ijms26062568,4
10.3390/ijms26062568,2
10.1109/TrustCom56396.2022.00171,1
10.1109/TrustCom56396.2022.00171,2
10.3389/fimmu.2024.1396221,4
10.3389/fimmu.2024.1396221,3
10.3389/fimmu.2024.1396221,9
10.1002/acr.24956,4
10.1002/acr.24956,2
10.1016/j.jocs.2020.101295,2
10.1016/j.jocs.2020.101295,3
10.1016/j.jocs.2020.101295,11
10.1145/3638209.3638212,1
10.1145/3638209.3638212,6
10.1145/3638209.3638212,2
10.1145/3638209.3638212,12
10.1007/978-3-030-96302-6_28,1
10.1007/978-3-030-96302-6_28,6
10.1007/978-3-030-96302-6_28,2
10.1016/j.jhazmat.2023.133057,4
10.1016/j.jhazmat.2023.133057,3
10.1007/s00500-023-07954-y,4
10.1007/s00500-023-07954-y,2
10.1109/EMBC.2014.6944937,4
10.1109/EMBC.2014.6944937,2
10.1109/EMBC.2014.6944937,5
10.1134/S1054661807040232,2
10.1134/S1054661807040232,9
10.3389/fnhum.2023.1150120,4
10.3389/fnhum.2023.1150120,2
10.1016/j.egyr.2022.08.105,1
10.1016/j.egyr.2022.08.105,2
10.1016/j.egyr.2022.08.105,3
10.1007/s11042-022-13550-3,4
10.1007/s11042-022-13550-3,2
10.1093/micmic/ozad067.711,6
10.1093/micmic/ozad067.711,1
10.1093/micmic/ozad067.711,2
10.1093/micmic/ozad067.711,4
10.1093/micmic/ozad067.711,13
10.1109/ACCESS.2024.3432490,2
10.1109/ACCESS.2024.3432490,11
10.1109/DRCN60692.2024.10539172,1
10.1109/DRCN60692.2024.10539172,2
10.3390/s21144770,4
10.3390/s21144770,2
10.3390/s21144770,1
10.53730/ijhs.v6ns1.7074,2
10.2139/ssrn.4312633,2
10.1109/JBHI.2021.3067798,4
10.1109/JBHI.2021.3067798,2
10.1109/ICMLA58977.2023.00339,2
10.1109/ICMLA58977.2023.00339,20
10.1109/ICMLA58977.2023.00339,10
10.1109/ACCESS.2024.3420080,2
10.1145/3240925.3240943,4
10.1145/3240925.3240943,2
10.1109/CCDC49329.2020.9164626,2
10.1109/CCDC49329.2020.9164626,17
10.1111/ejn.16615,4
10.1186/s12873-022-00610-y,4
10.1109/UPCON56432.2022.9986440,2
10.1115/1.4064350,1
10.1115/1.4064350,6
10.1115/1.4064350,2
10.1109/ACCESS.2021.3074559,2
10.1109/ACCESS.2021.3074559,12
10.1016/j.asoc.2023.110114,2
10.1016/j.asoc.2023.110114,8
10.1109/ICCCNT49239.2020.9225395,2
10.14309/01.ajg.0000955308.75334.21,4
10.14309/01.ajg.0000955308.75334.21,2
10.1109/LCOMM.2017.2656879,1
10.1109/LCOMM.2017.2656879,2
10.1002/lary.31959,4
10.1002/lary.31959,2
10.1109/jlt.2022.3140859,1
10.1109/jlt.2022.3140859,2
10.1109/TAI.2023.3266191,2
10.1109/TAI.2023.3266191,9
10.3390/en15186791,1
10.1007/s00138-020-01088-z,2
10.1007/s00138-020-01088-z,3
10.3390/a17090419,1
10.3390/a17090419,2
10.3390/a17090419,3
10.3390/safety9030049,1
10.3390/safety9030049,6
10.3390/safety9030049,3
10.3390/safety9030049,7
10.1109/IPAS63548.2025.10924502,1
10.1109/IPAS63548.2025.10924502,2
10.1145/3316615.3318222,4
10.1145/3316615.3318222,2
10.1145/3316615.3318222,1
10.5194/isprs-archives-xlviii-4-w10-2024-131-2024,1
10.5194/isprs-archives-xlviii-4-w10-2024-131-2024,2
10.5194/isprs-archives-xlviii-4-w10-2024-131-2024,3
10.5194/isprs-archives-xlviii-4-w10-2024-131-2024,17
10.1109/SRII.2012.65,4
10.1109/SRII.2012.65,2
10.36948/ijfmr.2025.v07i02.39353,1
10.36948/ijfmr.2025.v07i02.39353,2
10.35940/ijrte.a9164.078219,2
10.2196/50935,4
10.2196/50935,2
10.17762/ijritcc.v11i5.6523,4
10.17762/ijritcc.v11i5.6523,2
10.17762/ijritcc.v11i5.6523,1
10.3857/roj.2021.00311,4
10.3857/roj.2021.00311,1
10.1109/TFUZZ.2008.924331,1
10.1109/TFUZZ.2008.924331,2
10.1109/TFUZZ.2008.924331,11
10.1002/advs.201903337,4
10.1002/advs.201903337,7
10.1109/ICMI60790.2024.10585656,1
10.1109/ICMI60790.2024.10585656,2
10.1145/3386052.3386077,4
10.1145/3386052.3386077,2
10.1145/3386052.3386077,9
10.1016/j.jdent.2025.105622,4
10.1016/j.jdent.2025.105622,2
10.1016/j.jdent.2025.105622,1
10.1016/j.icheatmasstransfer.2023.106985,1
10.1016/j.icheatmasstransfer.2023.106985,2
10.1016/j.jmapro.2024.03.102,1
10.1016/j.jmapro.2024.03.102,6
10.1016/j.jmapro.2024.03.102,2
10.1016/j.asoc.2021.107779,2
10.57017/jaes.v19.2(84).03,16
10.1007/s00261-022-03749-1,4
10.1007/s00261-022-03749-1,2
10.1109/FIE.2013.6684873,1
10.1109/FIE.2013.6684873,2
10.1142/s0218001421510101,2
10.1142/s0218001421510101,11
10.1016/j.eswa.2024.124761,2
10.1016/j.eswa.2024.124761,12
10.1080/09500693.2022.2028927,2
10.1080/09500693.2022.2028927,8
10.1007/s11707-022-1052-8,2
10.1007/s11707-022-1052-8,3
10.1109/COMPSAC48688.2020.00-93,2
10.3389/fneur.2023.1189076,4
10.3389/fneur.2023.1189076,9
10.3390/jrfm15120558,1
10.3390/jrfm15120558,2
10.3390/jrfm15120558,12
10.1049/SFW2.12021,2
10.1049/SFW2.12021,8
10.1145/3375462.3375486,2
10.1145/3375462.3375486,8
10.1080/19393555.2015.1111961,1
10.1080/19393555.2015.1111961,2
10.4103/sbvj.sbvj_45_24,4
10.4103/sbvj.sbvj_45_24,2
10.52783/jes.3113,2
10.1371/journal.pcbi.1011010,4
10.1371/journal.pcbi.1011010,13
10.1371/journal.pcbi.1011010,2
10.1371/journal.pcbi.1011010,9
10.1063/5.0126358,2
10.1063/5.0126358,3
10.1111/jnu.12852,4
10.1111/jnu.12852,2
10.1177/0032258x241309479,2
10.1177/0032258x241309479,17
10.1177/0032258x241309479,18
10.1109/CCNC.2016.7444820,2
10.1109/CCNC.2016.7444820,11
10.1016/j.scitotenv.2021.147325,4
10.1016/j.scitotenv.2021.147325,2
10.1016/j.scitotenv.2021.147325,3
10.1016/j.scitotenv.2021.147325,7
10.1109/ICCSAI53272.2021.9609748,2
10.1109/ICCSAI53272.2021.9609748,9
10.3397/in_2023_0308,1
10.3397/in_2023_0308,2
10.3390/a11040042,13
10.3390/a11040042,2
10.3390/a11040042,11
10.14569/IJACSA.2019.0100374,2
10.14569/IJACSA.2019.0100374,3
10.1145/3386052.3386060,4
10.1145/3386052.3386060,2
10.1016/j.envres.2022.112759,4
10.1016/j.envres.2022.112759,2
10.1016/j.envres.2022.112759,3
10.1371/journal.pone.0299653,4
10.1371/journal.pone.0299653,1
10.1093/jxb/eraf070,3
10.1093/jxb/eraf070,15
10.1093/jxb/eraf070,1
10.1093/jxb/eraf070,2
10.1093/jxb/eraf070,4
10.1186/s12911-023-02206-3,4
10.1186/s12911-023-02206-3,2
10.1109/ICCSC62048.2024.10830429,1
10.1109/ICCSC62048.2024.10830429,3
10.15587/1729-4061.2019.175507,2
10.3389/fphy.2023.1217275,4
10.3389/fphy.2023.1217275,1
10.48550/arXiv.2305.19505,1
10.48550/arXiv.2305.19505,13
10.48550/arXiv.2305.19505,2
10.1088/1367-2630/ac0388,13
10.1088/1367-2630/ac0388,2
10.1109/ICICCS53718.2022.9788187,1
10.1109/ICICCS53718.2022.9788187,2
10.1007/s10115-017-1059-8,2
10.1016/j.imu.2022.101083,4
10.1016/j.imu.2022.101083,2
10.1121/10.0004506,13
10.1121/10.0004506,2
10.2196/jmir.6887,4
10.2196/jmir.6887,2
10.17973/mmsj.2019_11_2019051,1
10.17973/mmsj.2019_11_2019051,2
10.7554/eLife.10047,4
10.7554/eLife.10047,2
10.7554/eLife.10047,9
10.1007/s10676-023-09734-6,4
10.1007/s10676-023-09734-6,2
10.1007/s10676-023-09734-6,23
10.1007/s10851-009-0154-1,2
10.1007/s10851-009-0154-1,11
10.3389/fmicb.2025.1549260,2
10.3389/fmicb.2025.1549260,3
10.3389/fmicb.2025.1549260,9
10.1038/s43588-022-00288-z,4
10.1038/s43588-022-00288-z,13
10.1038/s43588-022-00288-z,2
10.3847/1538-4357/acad79,13
10.3847/1538-4357/acad79,2
10.3390/en15113895,1
10.3390/en15113895,13
10.3390/en15113895,2
10.1615/CRITREVBIOMEDENG.2021038397,4
10.1615/CRITREVBIOMEDENG.2021038397,6
10.1615/CRITREVBIOMEDENG.2021038397,2
10.12720/jait.16.3.396-410,2
10.1109/NoF58724.2023.10302813,2
10.1002/tee.23084,1
10.1002/tee.23084,2
10.1021/CI600205G,4
10.1021/CI600205G,2
10.1021/CI600205G,7
10.1089/153623103322006670,4
10.1089/153623103322006670,2
10.1089/153623103322006670,9
10.1038/s41580-023-00647-2,4
10.1038/s41580-023-00647-2,9
10.1007/s40899-020-00425-4,2
10.1007/s40899-020-00425-4,3
10.1017/S1751731120000312,4
10.1017/S1751731120000312,2
10.1017/S1751731120000312,3
10.1017/S1751731120000312,15
